--@Autor: Martinez Martinez Francisco David
--@Fecha creación: 27/05/2025
--@Descripción: Poblado de Tablas con Inserts

SET SERVEROUTPUT ON;
BEGIN
INSERT INTO ESTADO (clvEstado, nombreEstado) VALUES (1, 'Nuevo Leon');
INSERT INTO ESTADO (clvEstado, nombreEstado) VALUES (2, 'CDMX');
INSERT INTO ESTADO (clvEstado, nombreEstado) VALUES (3, 'Quintana Roo');
INSERT INTO ESTADO (clvEstado, nombreEstado) VALUES (4, 'Tabasco');
INSERT INTO ESTADO (clvEstado, nombreEstado) VALUES (5, 'Tamaulipas');

INSERT INTO MUNICIPIO (clvMunicipio, nombreMunicipio, clvEstado) VALUES (1, 'Vieja República Demo', 1);
INSERT INTO MUNICIPIO (clvMunicipio, nombreMunicipio, clvEstado) VALUES (2, 'Nueva Togo', 4);
INSERT INTO MUNICIPIO (clvMunicipio, nombreMunicipio, clvEstado) VALUES (3, 'Vieja Guinea', 5);
INSERT INTO MUNICIPIO (clvMunicipio, nombreMunicipio, clvEstado) VALUES (4, 'San Emilia los altos', 3);
INSERT INTO MUNICIPIO (clvMunicipio, nombreMunicipio, clvEstado) VALUES (5, 'San Sara los altos', 1);
INSERT INTO MUNICIPIO (clvMunicipio, nombreMunicipio, clvEstado) VALUES (6, 'San Violeta de la Mo', 3);
INSERT INTO MUNICIPIO (clvMunicipio, nombreMunicipio, clvEstado) VALUES (7, 'San Rufino los altos', 1);
INSERT INTO MUNICIPIO (clvMunicipio, nombreMunicipio, clvEstado) VALUES (8, 'San Augusto los bajo', 3);
INSERT INTO MUNICIPIO (clvMunicipio, nombreMunicipio, clvEstado) VALUES (9, 'San Gilberto los alt', 2);
INSERT INTO MUNICIPIO (clvMunicipio, nombreMunicipio, clvEstado) VALUES (10, 'Nueva Sri Lanka', 1);

INSERT INTO CLIENTE (clvCliente, clvMunicipio, nombreClie, apPaternoClie, apMaternoClie, fechaNacimientoClie, correoClie) VALUES (1, 7, 'Antonia', 'Sierra', 'Rivero', TO_DATE('1965-07-05', 'YYYY-MM-DD'), 'docasio@ortega-bahena.biz');
INSERT INTO CLIENTE (clvCliente, clvMunicipio, nombreClie, apPaternoClie, apMaternoClie, fechaNacimientoClie, correoClie) VALUES (2, 8, 'Araceli', 'Cardenas', 'Quintana', TO_DATE('1996-07-12', 'YYYY-MM-DD'), 'tcisneros@yahoo.com');
INSERT INTO CLIENTE (clvCliente, clvMunicipio, nombreClie, apPaternoClie, apMaternoClie, fechaNacimientoClie, correoClie) VALUES (3, 10, 'Marcela', 'Granados', 'Soto', TO_DATE('1970-10-14', 'YYYY-MM-DD'), 'leonmiguel@grupo.biz');
INSERT INTO CLIENTE (clvCliente, clvMunicipio, nombreClie, apPaternoClie, apMaternoClie, fechaNacimientoClie, correoClie) VALUES (4, 5, 'Reynaldo', 'Arriaga', 'Tejeda', TO_DATE('2005-01-18', 'YYYY-MM-DD'), 'ulerma@hotmail.com');
INSERT INTO CLIENTE (clvCliente, clvMunicipio, nombreClie, apPaternoClie, apMaternoClie, fechaNacimientoClie, correoClie) VALUES (5, 6, 'Soledad', 'Ávila', 'Serrano', TO_DATE('1982-04-20', 'YYYY-MM-DD'), 'urosado@gastelum.info');
INSERT INTO CLIENTE (clvCliente, clvMunicipio, nombreClie, apPaternoClie, apMaternoClie, fechaNacimientoClie, correoClie) VALUES (6, 4, 'Alejandra', 'de León', 'Rubio', TO_DATE('1983-11-26', 'YYYY-MM-DD'), 'qluna@yahoo.com');
INSERT INTO CLIENTE (clvCliente, clvMunicipio, nombreClie, apPaternoClie, apMaternoClie, fechaNacimientoClie, correoClie) VALUES (7, 10, 'Lucía', 'Vera', 'Anguiano', TO_DATE('1979-12-15', 'YYYY-MM-DD'), 'anaalcaraz@vallejo.com');
INSERT INTO CLIENTE (clvCliente, clvMunicipio, nombreClie, apPaternoClie, apMaternoClie, fechaNacimientoClie, correoClie) VALUES (8, 1, 'Luz', 'Rivera', 'Chacón', TO_DATE('2003-07-03', 'YYYY-MM-DD'), 'virginiachapa@hotmail.com');
INSERT INTO CLIENTE (clvCliente, clvMunicipio, nombreClie, apPaternoClie, apMaternoClie, fechaNacimientoClie, correoClie) VALUES (9, 3, 'Sessa', 'Garrido', 'Oquendo', TO_DATE('1960-11-07', 'YYYY-MM-DD'), 'pedrazanoelia@gmail.com');
INSERT INTO CLIENTE (clvCliente, clvMunicipio, nombreClie, apPaternoClie, apMaternoClie, fechaNacimientoClie, correoClie) VALUES (10, 10, 'Fernando', 'Ballesteros', 'Gastélum', TO_DATE('1989-04-19', 'YYYY-MM-DD'), 'reynahoracio@corporacin.com');
INSERT INTO CLIENTE (clvCliente, clvMunicipio, nombreClie, apPaternoClie, apMaternoClie, fechaNacimientoClie, correoClie) VALUES (11, 2, 'Hermelinda', 'Maya', 'Varela', TO_DATE('1961-05-23', 'YYYY-MM-DD'), 'clemente37@gmail.com');
INSERT INTO CLIENTE (clvCliente, clvMunicipio, nombreClie, apPaternoClie, apMaternoClie, fechaNacimientoClie, correoClie) VALUES (12, 9, 'Rebeca', 'Gastélum', 'Guajardo', TO_DATE('1971-07-08', 'YYYY-MM-DD'), 'pablo48@yahoo.com');
INSERT INTO CLIENTE (clvCliente, clvMunicipio, nombreClie, apPaternoClie, apMaternoClie, fechaNacimientoClie, correoClie) VALUES (13, 6, 'Sonia', 'Alcala', 'Gómez', TO_DATE('1987-06-14', 'YYYY-MM-DD'), 'danielriojas@hotmail.com');
INSERT INTO CLIENTE (clvCliente, clvMunicipio, nombreClie, apPaternoClie, apMaternoClie, fechaNacimientoClie, correoClie) VALUES (14, 10, 'Paola', 'Medina', 'Méndez', TO_DATE('2001-07-07', 'YYYY-MM-DD'), 'colonclemente@benavidez.org');
INSERT INTO CLIENTE (clvCliente, clvMunicipio, nombreClie, apPaternoClie, apMaternoClie, fechaNacimientoClie, correoClie) VALUES (15, 5, 'Julio', 'Narváez', 'Lugo', TO_DATE('1978-08-12', 'YYYY-MM-DD'), 'balmonte@proyectos.com');
INSERT INTO CLIENTE (clvCliente, clvMunicipio, nombreClie, apPaternoClie, apMaternoClie, fechaNacimientoClie, correoClie) VALUES (16, 2, 'Patricia', 'Huerta', 'Ozuna', TO_DATE('1994-03-14', 'YYYY-MM-DD'), 'xsepulveda@yahoo.com');
INSERT INTO CLIENTE (clvCliente, clvMunicipio, nombreClie, apPaternoClie, apMaternoClie, fechaNacimientoClie, correoClie) VALUES (17, 5, 'Eugenio', 'Correa', 'Esquibel', TO_DATE('1961-08-19', 'YYYY-MM-DD'), 'nadiaalarcon@yahoo.com');
INSERT INTO CLIENTE (clvCliente, clvMunicipio, nombreClie, apPaternoClie, apMaternoClie, fechaNacimientoClie, correoClie) VALUES (18, 6, 'Elvia', 'Padilla', 'Saldaña', TO_DATE('1996-07-09', 'YYYY-MM-DD'), 'carrascosocorro@gmail.com');
INSERT INTO CLIENTE (clvCliente, clvMunicipio, nombreClie, apPaternoClie, apMaternoClie, fechaNacimientoClie, correoClie) VALUES (19, 3, 'José Manuél', 'Báez', 'Acosta', TO_DATE('1985-02-16', 'YYYY-MM-DD'), 'yolanda58@gmail.com');
INSERT INTO CLIENTE (clvCliente, clvMunicipio, nombreClie, apPaternoClie, apMaternoClie, fechaNacimientoClie, correoClie) VALUES (20, 7, 'Rubén', 'de la O', 'Galván', TO_DATE('1983-05-02', 'YYYY-MM-DD'), 'fernando74@hotmail.com');

INSERT INTO TELEFONO_CLIENTE (clvTelefono, telefonoClie, clvCliente) VALUES (1, 7928266934, 1);
INSERT INTO TELEFONO_CLIENTE (clvTelefono, telefonoClie, clvCliente) VALUES (2, 8819943082, 2);
INSERT INTO TELEFONO_CLIENTE (clvTelefono, telefonoClie, clvCliente) VALUES (3, 5978980467, 3);
INSERT INTO TELEFONO_CLIENTE (clvTelefono, telefonoClie, clvCliente) VALUES (4, 2815409376, 4);
INSERT INTO TELEFONO_CLIENTE (clvTelefono, telefonoClie, clvCliente) VALUES (5, 9710499043, 5);
INSERT INTO TELEFONO_CLIENTE (clvTelefono, telefonoClie, clvCliente) VALUES (6, 3086525988, 6);
INSERT INTO TELEFONO_CLIENTE (clvTelefono, telefonoClie, clvCliente) VALUES (7, 8631557572, 7);
INSERT INTO TELEFONO_CLIENTE (clvTelefono, telefonoClie, clvCliente) VALUES (8, 5520726221, 8);
INSERT INTO TELEFONO_CLIENTE (clvTelefono, telefonoClie, clvCliente) VALUES (9, 659803346, 9);
INSERT INTO TELEFONO_CLIENTE (clvTelefono, telefonoClie, clvCliente) VALUES (10, 6170665254, 10);
INSERT INTO TELEFONO_CLIENTE (clvTelefono, telefonoClie, clvCliente) VALUES (11, 2007281027, 11);
INSERT INTO TELEFONO_CLIENTE (clvTelefono, telefonoClie, clvCliente) VALUES (12, 9440689026, 12);
INSERT INTO TELEFONO_CLIENTE (clvTelefono, telefonoClie, clvCliente) VALUES (13, 7791692378, 13);
INSERT INTO TELEFONO_CLIENTE (clvTelefono, telefonoClie, clvCliente) VALUES (14, 5458572106, 14);
INSERT INTO TELEFONO_CLIENTE (clvTelefono, telefonoClie, clvCliente) VALUES (15, 373713922, 15);
INSERT INTO TELEFONO_CLIENTE (clvTelefono, telefonoClie, clvCliente) VALUES (16, 202952825, 16);
INSERT INTO TELEFONO_CLIENTE (clvTelefono, telefonoClie, clvCliente) VALUES (17, 1537019765, 17);
INSERT INTO TELEFONO_CLIENTE (clvTelefono, telefonoClie, clvCliente) VALUES (18, 6065600182, 18);
INSERT INTO TELEFONO_CLIENTE (clvTelefono, telefonoClie, clvCliente) VALUES (19, 4352920989, 19);
INSERT INTO TELEFONO_CLIENTE (clvTelefono, telefonoClie, clvCliente) VALUES (20, 2112864009, 20);

INSERT INTO MASCOTA (clvMascota, clvCliente, razaMasc, nombreMasc, pesoMasc, fechaNacimientoMasc, edadMasc, razgosParticularesMasc) VALUES (1, 1, 'Bulldog', 'Nayeli', 26.6, TO_DATE('2017-03-27', 'YYYY-MM-DD'), 7, 'Dormilón');
INSERT INTO MASCOTA (clvMascota, clvCliente, razaMasc, nombreMasc, pesoMasc, fechaNacimientoMasc, edadMasc, razgosParticularesMasc) VALUES (2, 2, 'Chihuahua', 'Perla', 15.59, TO_DATE('2016-12-09', 'YYYY-MM-DD'), 5, 'Travieso');
INSERT INTO MASCOTA (clvMascota, clvCliente, razaMasc, nombreMasc, pesoMasc, fechaNacimientoMasc, edadMasc, razgosParticularesMasc) VALUES (3, 3, 'Pug', 'Mónica', 23.62, TO_DATE('2016-07-01', 'YYYY-MM-DD'), 1, 'Dormilón');
INSERT INTO MASCOTA (clvMascota, clvCliente, razaMasc, nombreMasc, pesoMasc, fechaNacimientoMasc, edadMasc, razgosParticularesMasc) VALUES (4, 4, 'Labrador', 'Elias', 13.38, TO_DATE('2020-06-05', 'YYYY-MM-DD'), 2, 'Obediente');
INSERT INTO MASCOTA (clvMascota, clvCliente, razaMasc, nombreMasc, pesoMasc, fechaNacimientoMasc, edadMasc, razgosParticularesMasc) VALUES (5, 5, 'Bulldog', 'Mariana', 31.52, TO_DATE('2014-09-01', 'YYYY-MM-DD'), 3, 'Obediente');
INSERT INTO MASCOTA (clvMascota, clvCliente, razaMasc, nombreMasc, pesoMasc, fechaNacimientoMasc, edadMasc, razgosParticularesMasc) VALUES (6, 6, 'Chihuahua', 'Iván', 21.18, TO_DATE('2020-12-04', 'YYYY-MM-DD'), 7, 'Dormilón');
INSERT INTO MASCOTA (clvMascota, clvCliente, razaMasc, nombreMasc, pesoMasc, fechaNacimientoMasc, edadMasc, razgosParticularesMasc) VALUES (7, 7, 'Pug', 'Elvia', 24.32, TO_DATE('2020-11-07', 'YYYY-MM-DD'), 5, 'Obediente');
INSERT INTO MASCOTA (clvMascota, clvCliente, razaMasc, nombreMasc, pesoMasc, fechaNacimientoMasc, edadMasc, razgosParticularesMasc) VALUES (8, 8, 'Pug', 'María Eugenia', 15.37, TO_DATE('2016-02-26', 'YYYY-MM-DD'), 5, 'Travieso');
INSERT INTO MASCOTA (clvMascota, clvCliente, razaMasc, nombreMasc, pesoMasc, fechaNacimientoMasc, edadMasc, razgosParticularesMasc) VALUES (9, 9, 'Labrador', 'Wendolin', 6.13, TO_DATE('2014-11-09', 'YYYY-MM-DD'), 7, 'Travieso');
INSERT INTO MASCOTA (clvMascota, clvCliente, razaMasc, nombreMasc, pesoMasc, fechaNacimientoMasc, edadMasc, razgosParticularesMasc) VALUES (10, 10, 'Bulldog', 'Jos', 23.89, TO_DATE('2016-08-26', 'YYYY-MM-DD'), 8, 'Obediente');
INSERT INTO MASCOTA (clvMascota, clvCliente, razaMasc, nombreMasc, pesoMasc, fechaNacimientoMasc, edadMasc, razgosParticularesMasc) VALUES (11, 11, 'Labrador', 'Fidel', 11.72, TO_DATE('2017-02-09', 'YYYY-MM-DD'), 3, 'Juguetón');
INSERT INTO MASCOTA (clvMascota, clvCliente, razaMasc, nombreMasc, pesoMasc, fechaNacimientoMasc, edadMasc, razgosParticularesMasc) VALUES (12, 12, 'Golden', 'José María', 33.8, TO_DATE('2016-06-11', 'YYYY-MM-DD'), 2, 'Dormilón');
INSERT INTO MASCOTA (clvMascota, clvCliente, razaMasc, nombreMasc, pesoMasc, fechaNacimientoMasc, edadMasc, razgosParticularesMasc) VALUES (13, 13, 'Chihuahua', 'César', 22.52, TO_DATE('2015-03-01', 'YYYY-MM-DD'), 4, 'Dormilón');
INSERT INTO MASCOTA (clvMascota, clvCliente, razaMasc, nombreMasc, pesoMasc, fechaNacimientoMasc, edadMasc, razgosParticularesMasc) VALUES (14, 14, 'Labrador', 'Laura', 38.59, TO_DATE('2017-01-28', 'YYYY-MM-DD'), 3, 'Juguetón');
INSERT INTO MASCOTA (clvMascota, clvCliente, razaMasc, nombreMasc, pesoMasc, fechaNacimientoMasc, edadMasc, razgosParticularesMasc) VALUES (15, 15, 'Golden', 'Amalia', 21.89, TO_DATE('2022-06-14', 'YYYY-MM-DD'), 1, 'Travieso');
INSERT INTO MASCOTA (clvMascota, clvCliente, razaMasc, nombreMasc, pesoMasc, fechaNacimientoMasc, edadMasc, razgosParticularesMasc) VALUES (16, 16, 'Labrador', 'Conchita', 31.15, TO_DATE('2016-08-29', 'YYYY-MM-DD'), 8, 'Travieso');
INSERT INTO MASCOTA (clvMascota, clvCliente, razaMasc, nombreMasc, pesoMasc, fechaNacimientoMasc, edadMasc, razgosParticularesMasc) VALUES (17, 17, 'Golden', 'Humberto', 6.94, TO_DATE('2020-11-18', 'YYYY-MM-DD'), 8, 'Dormilón');
INSERT INTO MASCOTA (clvMascota, clvCliente, razaMasc, nombreMasc, pesoMasc, fechaNacimientoMasc, edadMasc, razgosParticularesMasc) VALUES (18, 18, 'Labrador', 'Patricio', 29.72, TO_DATE('2021-06-22', 'YYYY-MM-DD'), 1, 'Travieso');
INSERT INTO MASCOTA (clvMascota, clvCliente, razaMasc, nombreMasc, pesoMasc, fechaNacimientoMasc, edadMasc, razgosParticularesMasc) VALUES (19, 19, 'Bulldog', 'Hernán', 10.86, TO_DATE('2023-10-22', 'YYYY-MM-DD'), 8, 'Juguetón');
INSERT INTO MASCOTA (clvMascota, clvCliente, razaMasc, nombreMasc, pesoMasc, fechaNacimientoMasc, edadMasc, razgosParticularesMasc) VALUES (20, 20, 'Bulldog', 'Carla', 15.77, TO_DATE('2023-09-12', 'YYYY-MM-DD'), 8, 'Obediente');

INSERT INTO FOTO_MASCOTA (clvFotoMascota, clvMascota, fotoMascota) VALUES (1, 17, EMPTY_BLOB());
INSERT INTO FOTO_MASCOTA (clvFotoMascota, clvMascota, fotoMascota) VALUES (2, 3, EMPTY_BLOB());
INSERT INTO FOTO_MASCOTA (clvFotoMascota, clvMascota, fotoMascota) VALUES (3, 8, EMPTY_BLOB());
INSERT INTO FOTO_MASCOTA (clvFotoMascota, clvMascota, fotoMascota) VALUES (4, 10, EMPTY_BLOB());
INSERT INTO FOTO_MASCOTA (clvFotoMascota, clvMascota, fotoMascota) VALUES (5, 3, EMPTY_BLOB());
INSERT INTO FOTO_MASCOTA (clvFotoMascota, clvMascota, fotoMascota) VALUES (6, 10, EMPTY_BLOB());
INSERT INTO FOTO_MASCOTA (clvFotoMascota, clvMascota, fotoMascota) VALUES (7, 6, EMPTY_BLOB());
INSERT INTO FOTO_MASCOTA (clvFotoMascota, clvMascota, fotoMascota) VALUES (8, 4, EMPTY_BLOB());
INSERT INTO FOTO_MASCOTA (clvFotoMascota, clvMascota, fotoMascota) VALUES (9, 1, EMPTY_BLOB());
INSERT INTO FOTO_MASCOTA (clvFotoMascota, clvMascota, fotoMascota) VALUES (10, 7, EMPTY_BLOB());

INSERT INTO CATEGORIA (clvCategoria, nombreCategoria, descripcionCategoria) VALUES (1, 'Cat_1', 'Descripción 1');
INSERT INTO CATEGORIA (clvCategoria, nombreCategoria, descripcionCategoria) VALUES (2, 'Cat_2', 'Descripción 2');
INSERT INTO CATEGORIA (clvCategoria, nombreCategoria, descripcionCategoria) VALUES (3, 'Cat_3', 'Descripción 3');
INSERT INTO CATEGORIA (clvCategoria, nombreCategoria, descripcionCategoria) VALUES (4, 'Cat_4', 'Descripción 4');
INSERT INTO CATEGORIA (clvCategoria, nombreCategoria, descripcionCategoria) VALUES (5, 'Cat_5', 'Descripción 5');

INSERT INTO PRODUCTO (SKU, nombreProducto, precioActualProducto, clvCategoria) VALUES ('SKU001', 'Producto_1', 338.79, 4);
INSERT INTO PRODUCTO (SKU, nombreProducto, precioActualProducto, clvCategoria) VALUES ('SKU002', 'Producto_2', 64.85, 5);
INSERT INTO PRODUCTO (SKU, nombreProducto, precioActualProducto, clvCategoria) VALUES ('SKU003', 'Producto_3', 230.81, 3);
INSERT INTO PRODUCTO (SKU, nombreProducto, precioActualProducto, clvCategoria) VALUES ('SKU004', 'Producto_4', 397.54, 2);
INSERT INTO PRODUCTO (SKU, nombreProducto, precioActualProducto, clvCategoria) VALUES ('SKU005', 'Producto_5', 402.23, 2);
INSERT INTO PRODUCTO (SKU, nombreProducto, precioActualProducto, clvCategoria) VALUES ('SKU006', 'Producto_6', 343.94, 3);
INSERT INTO PRODUCTO (SKU, nombreProducto, precioActualProducto, clvCategoria) VALUES ('SKU007', 'Producto_7', 482.8, 1);
INSERT INTO PRODUCTO (SKU, nombreProducto, precioActualProducto, clvCategoria) VALUES ('SKU008', 'Producto_8', 425.7, 5);
INSERT INTO PRODUCTO (SKU, nombreProducto, precioActualProducto, clvCategoria) VALUES ('SKU009', 'Producto_9', 230.34, 1);
INSERT INTO PRODUCTO (SKU, nombreProducto, precioActualProducto, clvCategoria) VALUES ('SKU010', 'Producto_10', 382.05, 4);
INSERT INTO PRODUCTO (SKU, nombreProducto, precioActualProducto, clvCategoria) VALUES ('SKU011', 'Producto_11', 320.39, 4);
INSERT INTO PRODUCTO (SKU, nombreProducto, precioActualProducto, clvCategoria) VALUES ('SKU012', 'Producto_12', 57.05, 4);
INSERT INTO PRODUCTO (SKU, nombreProducto, precioActualProducto, clvCategoria) VALUES ('SKU013', 'Producto_13', 369.88, 3);
INSERT INTO PRODUCTO (SKU, nombreProducto, precioActualProducto, clvCategoria) VALUES ('SKU014', 'Producto_14', 322.61, 2);
INSERT INTO PRODUCTO (SKU, nombreProducto, precioActualProducto, clvCategoria) VALUES ('SKU015', 'Producto_15', 85.74, 3);
INSERT INTO PRODUCTO (SKU, nombreProducto, precioActualProducto, clvCategoria) VALUES ('SKU016', 'Producto_16', 472.65, 3);
INSERT INTO PRODUCTO (SKU, nombreProducto, precioActualProducto, clvCategoria) VALUES ('SKU017', 'Producto_17', 366.52, 3);
INSERT INTO PRODUCTO (SKU, nombreProducto, precioActualProducto, clvCategoria) VALUES ('SKU018', 'Producto_18', 286.08, 4);
INSERT INTO PRODUCTO (SKU, nombreProducto, precioActualProducto, clvCategoria) VALUES ('SKU019', 'Producto_19', 430.95, 3);
INSERT INTO PRODUCTO (SKU, nombreProducto, precioActualProducto, clvCategoria) VALUES ('SKU020', 'Producto_20', 468.27, 1);

INSERT INTO EMPLEADO (clvEmpleado, clvSupervisorEmp, rfcEmp, curpEmp, nombreEmp, apPaternoEmp, apMaternoEmp, telefonoEmp, edadEmp, fotoEmp, fechaNacimientoEmp, tipoEmpleado, clvVeterinaria) VALUES (1, 1, 'GKZPGCJTNATR', 'IYXJRFZIAWOEULUHCX', 'Mónica', 'Quintanilla', 'Feliciano', 3551418035, 28, EMPTY_BLOB(), TO_DATE('1993-06-25', 'YYYY-MM-DD'), 2, 1);
INSERT INTO EMPLEADO (clvEmpleado, clvSupervisorEmp, rfcEmp, curpEmp, nombreEmp, apPaternoEmp, apMaternoEmp, telefonoEmp, edadEmp, fotoEmp, fechaNacimientoEmp, tipoEmpleado, clvVeterinaria) VALUES (2, 1, 'THYNURXVQYTB', 'FZNTTYKFZAJTMBMBYI', 'Patricia', 'Venegas', 'de Jesús', 6657283164, 56, EMPTY_BLOB(), TO_DATE('1985-02-13', 'YYYY-MM-DD'), 2, 1);
INSERT INTO EMPLEADO (clvEmpleado, clvSupervisorEmp, rfcEmp, curpEmp, nombreEmp, apPaternoEmp, apMaternoEmp, telefonoEmp, edadEmp, fotoEmp, fechaNacimientoEmp, tipoEmpleado, clvVeterinaria) VALUES (3, 2, 'EWXPMNZVNCZW', 'IDNIYEOSJCVQXJQWBY', 'Pascual', 'Gómez', 'Quintero', 1555253611, 23, EMPTY_BLOB(), TO_DATE('1968-09-26', 'YYYY-MM-DD'), 1, 1);
INSERT INTO EMPLEADO (clvEmpleado, clvSupervisorEmp, rfcEmp, curpEmp, nombreEmp, apPaternoEmp, apMaternoEmp, telefonoEmp, edadEmp, fotoEmp, fechaNacimientoEmp, tipoEmpleado, clvVeterinaria) VALUES (4, 3, 'HXAHPMKFLZIX', 'XKZCLPXKKGLPOIZVMB', 'Barbara', 'Ceballos', 'Jaime', 4089395772, 46, EMPTY_BLOB(), TO_DATE('1991-05-17', 'YYYY-MM-DD'), 1, 1);
INSERT INTO EMPLEADO (clvEmpleado, clvSupervisorEmp, rfcEmp, curpEmp, nombreEmp, apPaternoEmp, apMaternoEmp, telefonoEmp, edadEmp, fotoEmp, fechaNacimientoEmp, tipoEmpleado, clvVeterinaria) VALUES (5, 4, 'FAWENKGJWGCI', 'MXLSKUQLXBPDNSPCIF', 'Anel', 'Pizarro', 'Valle', 1568375501, 44, EMPTY_BLOB(), TO_DATE('1972-10-14', 'YYYY-MM-DD'), 1, 1);
INSERT INTO EMPLEADO (clvEmpleado, clvSupervisorEmp, rfcEmp, curpEmp, nombreEmp, apPaternoEmp, apMaternoEmp, telefonoEmp, edadEmp, fotoEmp, fechaNacimientoEmp, tipoEmpleado, clvVeterinaria) VALUES (6, 5, 'QZDQCNWADTQG', 'FTOMCRKMVMWDHPEQZL', 'Cristina', 'Llamas', 'Velasco', 908117376, 47, EMPTY_BLOB(), TO_DATE('1974-09-19', 'YYYY-MM-DD'), 1, 1);
INSERT INTO EMPLEADO (clvEmpleado, clvSupervisorEmp, rfcEmp, curpEmp, nombreEmp, apPaternoEmp, apMaternoEmp, telefonoEmp, edadEmp, fotoEmp, fechaNacimientoEmp, tipoEmpleado, clvVeterinaria) VALUES (7, 6, 'LQMVYOLSBGKJ', 'IHITYBYGSJXHAXOHIH', 'Marcos', 'Rosado', 'de la Crúz', 9210733135, 40, EMPTY_BLOB(), TO_DATE('1966-03-19', 'YYYY-MM-DD'), 1, 1);
INSERT INTO EMPLEADO (clvEmpleado, clvSupervisorEmp, rfcEmp, curpEmp, nombreEmp, apPaternoEmp, apMaternoEmp, telefonoEmp, edadEmp, fotoEmp, fechaNacimientoEmp, tipoEmpleado, clvVeterinaria) VALUES (8, 7, 'LXKSDRFCZKST', 'QOHUKTPZSQPHLYRDSB', 'Timoteo', 'Lucero', 'Arriaga', 5503897486, 60, EMPTY_BLOB(), TO_DATE('1966-04-22', 'YYYY-MM-DD'), 2, 1);
INSERT INTO EMPLEADO (clvEmpleado, clvSupervisorEmp, rfcEmp, curpEmp, nombreEmp, apPaternoEmp, apMaternoEmp, telefonoEmp, edadEmp, fotoEmp, fechaNacimientoEmp, tipoEmpleado, clvVeterinaria) VALUES (9, 8, 'JOYMDLJZAPVS', 'WFDDBPCOSNPIOLCXEN', 'Laura', 'Beltrán', 'Sotelo', 1205707574, 32, EMPTY_BLOB(), TO_DATE('1996-09-01', 'YYYY-MM-DD'), 2, 1);
INSERT INTO EMPLEADO (clvEmpleado, clvSupervisorEmp, rfcEmp, curpEmp, nombreEmp, apPaternoEmp, apMaternoEmp, telefonoEmp, edadEmp, fotoEmp, fechaNacimientoEmp, tipoEmpleado, clvVeterinaria) VALUES (10, 9, 'ZAXYYLXNHXLS', 'ANAIWRMYUAPWZRFANG', 'Esparta', 'Hernández', 'Barreto', 3634071909, 34, EMPTY_BLOB(), TO_DATE('1977-08-20', 'YYYY-MM-DD'), 1, 1);
INSERT INTO EMPLEADO (clvEmpleado, clvSupervisorEmp, rfcEmp, curpEmp, nombreEmp, apPaternoEmp, apMaternoEmp, telefonoEmp, edadEmp, fotoEmp, fechaNacimientoEmp, tipoEmpleado, clvVeterinaria) VALUES (11, 11, 'LAATPPKBMBJC', 'DQGBRWRUJLXUUVNFAA', 'Gilberto', 'Valdivia', 'Osorio', 7796629016, 51, EMPTY_BLOB(), TO_DATE('1987-01-16', 'YYYY-MM-DD'), 1, 2);
INSERT INTO EMPLEADO (clvEmpleado, clvSupervisorEmp, rfcEmp, curpEmp, nombreEmp, apPaternoEmp, apMaternoEmp, telefonoEmp, edadEmp, fotoEmp, fechaNacimientoEmp, tipoEmpleado, clvVeterinaria) VALUES (12, 11, 'EMBAXWWKGLMU', 'WPABFUSBNENNRJOSER', 'Conchita', 'Berríos', 'Sotelo', 7289464300, 23, EMPTY_BLOB(), TO_DATE('1994-10-22', 'YYYY-MM-DD'), 1, 2);
INSERT INTO EMPLEADO (clvEmpleado, clvSupervisorEmp, rfcEmp, curpEmp, nombreEmp, apPaternoEmp, apMaternoEmp, telefonoEmp, edadEmp, fotoEmp, fechaNacimientoEmp, tipoEmpleado, clvVeterinaria) VALUES (13, 12, 'CEYAANPBNYAU', 'WDMIOXLPFTLTKRQTYC', 'Norma', 'Galarza', 'Aguirre', 631119413, 35, EMPTY_BLOB(), TO_DATE('1973-09-02', 'YYYY-MM-DD'), 2, 2);
INSERT INTO EMPLEADO (clvEmpleado, clvSupervisorEmp, rfcEmp, curpEmp, nombreEmp, apPaternoEmp, apMaternoEmp, telefonoEmp, edadEmp, fotoEmp, fechaNacimientoEmp, tipoEmpleado, clvVeterinaria) VALUES (14, 13, 'AZUZQBSIFYCP', 'DKJYLCJYFMCWEKYZJE', 'Amalia', 'Cabrera', 'Fierro', 7430630741, 24, EMPTY_BLOB(), TO_DATE('2000-02-02', 'YYYY-MM-DD'), 2, 2);
INSERT INTO EMPLEADO (clvEmpleado, clvSupervisorEmp, rfcEmp, curpEmp, nombreEmp, apPaternoEmp, apMaternoEmp, telefonoEmp, edadEmp, fotoEmp, fechaNacimientoEmp, tipoEmpleado, clvVeterinaria) VALUES (15, 14, 'SJRAKCRRKVLV', 'WUJDRXSPOKNOZTAYBL', 'Bruno', 'Alvarez', 'Valenzuela', 9424455282, 28, EMPTY_BLOB(), TO_DATE('1998-11-04', 'YYYY-MM-DD'), 2, 2);
INSERT INTO EMPLEADO (clvEmpleado, clvSupervisorEmp, rfcEmp, curpEmp, nombreEmp, apPaternoEmp, apMaternoEmp, telefonoEmp, edadEmp, fotoEmp, fechaNacimientoEmp, tipoEmpleado, clvVeterinaria) VALUES (16, 15, 'ZPSEXBITTEAG', 'QWKIICCHAGLEKTWZYA', 'Magdalena', 'Moya', 'Aguilera', 3979057923, 35, EMPTY_BLOB(), TO_DATE('1996-07-16', 'YYYY-MM-DD'), 2, 2);
INSERT INTO EMPLEADO (clvEmpleado, clvSupervisorEmp, rfcEmp, curpEmp, nombreEmp, apPaternoEmp, apMaternoEmp, telefonoEmp, edadEmp, fotoEmp, fechaNacimientoEmp, tipoEmpleado, clvVeterinaria) VALUES (17, 16, 'NIYVGLBEQNHS', 'QUIALEJGPPAYJOOBWX', 'Jesús', 'Rodrígez', 'Toledo', 6390182784, 45, EMPTY_BLOB(), TO_DATE('1972-02-29', 'YYYY-MM-DD'), 2, 2);
INSERT INTO EMPLEADO (clvEmpleado, clvSupervisorEmp, rfcEmp, curpEmp, nombreEmp, apPaternoEmp, apMaternoEmp, telefonoEmp, edadEmp, fotoEmp, fechaNacimientoEmp, tipoEmpleado, clvVeterinaria) VALUES (18, 17, 'TXZFWAOXRWJY', 'PIJAIAHFSEBOOJNRLY', 'Irene', 'Villa', 'Caballero', 9007802673, 35, EMPTY_BLOB(), TO_DATE('1987-11-15', 'YYYY-MM-DD'), 1, 2);
INSERT INTO EMPLEADO (clvEmpleado, clvSupervisorEmp, rfcEmp, curpEmp, nombreEmp, apPaternoEmp, apMaternoEmp, telefonoEmp, edadEmp, fotoEmp, fechaNacimientoEmp, tipoEmpleado, clvVeterinaria) VALUES (19, 18, 'SXXJSFMMGYOV', 'HMPSRTISQEIPLOVSZI', 'Abel', 'Santiago', 'Ocampo', 217355902, 36, EMPTY_BLOB(), TO_DATE('1986-11-06', 'YYYY-MM-DD'), 2, 2);
INSERT INTO EMPLEADO (clvEmpleado, clvSupervisorEmp, rfcEmp, curpEmp, nombreEmp, apPaternoEmp, apMaternoEmp, telefonoEmp, edadEmp, fotoEmp, fechaNacimientoEmp, tipoEmpleado, clvVeterinaria) VALUES (20, 19, 'CZHUOQOVTHDB', 'OOQDMYHMUWVPADKYKJ', 'Marcela', 'Carrera', 'Medrano', 2196523463, 33, EMPTY_BLOB(), TO_DATE('1972-11-25', 'YYYY-MM-DD'), 2, 2);
INSERT INTO EMPLEADO (clvEmpleado, clvSupervisorEmp, rfcEmp, curpEmp, nombreEmp, apPaternoEmp, apMaternoEmp, telefonoEmp, edadEmp, fotoEmp, fechaNacimientoEmp, tipoEmpleado, clvVeterinaria) VALUES (21, 21, 'GGVMFCKUDRXX', 'OXCWKSYBTMWXCPNBTT', 'Tania', 'Valdés', 'Aguilera', 5236912147, 47, EMPTY_BLOB(), TO_DATE('1991-01-25', 'YYYY-MM-DD'), 2, 3);
INSERT INTO EMPLEADO (clvEmpleado, clvSupervisorEmp, rfcEmp, curpEmp, nombreEmp, apPaternoEmp, apMaternoEmp, telefonoEmp, edadEmp, fotoEmp, fechaNacimientoEmp, tipoEmpleado, clvVeterinaria) VALUES (22, 21, 'LMHGQOPGGPFI', 'HCVEPAHPRMQIRQXGXW', 'Karina', 'Ojeda', 'Quiñónez', 3811863042, 48, EMPTY_BLOB(), TO_DATE('1971-04-23', 'YYYY-MM-DD'), 1, 3);
INSERT INTO EMPLEADO (clvEmpleado, clvSupervisorEmp, rfcEmp, curpEmp, nombreEmp, apPaternoEmp, apMaternoEmp, telefonoEmp, edadEmp, fotoEmp, fechaNacimientoEmp, tipoEmpleado, clvVeterinaria) VALUES (23, 22, 'RZTEUPZVHOIM', 'CDHITYSIELKSRDGWNH', 'Francisco Javier', 'Rivas', 'Adame', 256574944, 49, EMPTY_BLOB(), TO_DATE('1986-05-07', 'YYYY-MM-DD'), 2, 3);
INSERT INTO EMPLEADO (clvEmpleado, clvSupervisorEmp, rfcEmp, curpEmp, nombreEmp, apPaternoEmp, apMaternoEmp, telefonoEmp, edadEmp, fotoEmp, fechaNacimientoEmp, tipoEmpleado, clvVeterinaria) VALUES (24, 23, 'UCSUTPYJRCHI', 'EJLITXPRDNAOHRTGYF', 'Mercedes', 'Mondragón', 'Gamez', 677343829, 55, EMPTY_BLOB(), TO_DATE('1978-12-16', 'YYYY-MM-DD'), 1, 3);
INSERT INTO EMPLEADO (clvEmpleado, clvSupervisorEmp, rfcEmp, curpEmp, nombreEmp, apPaternoEmp, apMaternoEmp, telefonoEmp, edadEmp, fotoEmp, fechaNacimientoEmp, tipoEmpleado, clvVeterinaria) VALUES (25, 24, 'RTICYBAAWLQS', 'HFLEAHIPLUUIXEKPSS', 'Elvira', 'Pineda', 'Armas', 2528945166, 42, EMPTY_BLOB(), TO_DATE('1966-11-01', 'YYYY-MM-DD'), 1, 3);
INSERT INTO EMPLEADO (clvEmpleado, clvSupervisorEmp, rfcEmp, curpEmp, nombreEmp, apPaternoEmp, apMaternoEmp, telefonoEmp, edadEmp, fotoEmp, fechaNacimientoEmp, tipoEmpleado, clvVeterinaria) VALUES (26, 25, 'IPLVACGOVZMC', 'QVLQICCCDYTJNXWMSB', 'José Emilio', 'Vaca', 'Calvillo', 3044823303, 56, EMPTY_BLOB(), TO_DATE('1996-06-08', 'YYYY-MM-DD'), 2, 3);
INSERT INTO EMPLEADO (clvEmpleado, clvSupervisorEmp, rfcEmp, curpEmp, nombreEmp, apPaternoEmp, apMaternoEmp, telefonoEmp, edadEmp, fotoEmp, fechaNacimientoEmp, tipoEmpleado, clvVeterinaria) VALUES (27, 26, 'NISYGHSEZKBZ', 'CUJVFHWOIYNRVIODHN', 'Sandra', 'Espinoza', 'Mota', 2862955974, 52, EMPTY_BLOB(), TO_DATE('1988-02-29', 'YYYY-MM-DD'), 2, 3);
INSERT INTO EMPLEADO (clvEmpleado, clvSupervisorEmp, rfcEmp, curpEmp, nombreEmp, apPaternoEmp, apMaternoEmp, telefonoEmp, edadEmp, fotoEmp, fechaNacimientoEmp, tipoEmpleado, clvVeterinaria) VALUES (28, 27, 'AKTAERFYTQKE', 'LWBNDJYZSYPWYGSOSM', 'María', 'Terrazas', 'Sánchez', 5604327686, 41, EMPTY_BLOB(), TO_DATE('1987-04-27', 'YYYY-MM-DD'), 2, 3);
INSERT INTO EMPLEADO (clvEmpleado, clvSupervisorEmp, rfcEmp, curpEmp, nombreEmp, apPaternoEmp, apMaternoEmp, telefonoEmp, edadEmp, fotoEmp, fechaNacimientoEmp, tipoEmpleado, clvVeterinaria) VALUES (29, 28, 'UQVIACHYVKJF', 'OYEBHLGZYPQSLOXRZC', 'Leonel', 'Fierro', 'Salas', 8732437753, 51, EMPTY_BLOB(), TO_DATE('1985-08-28', 'YYYY-MM-DD'), 2, 3);
INSERT INTO EMPLEADO (clvEmpleado, clvSupervisorEmp, rfcEmp, curpEmp, nombreEmp, apPaternoEmp, apMaternoEmp, telefonoEmp, edadEmp, fotoEmp, fechaNacimientoEmp, tipoEmpleado, clvVeterinaria) VALUES (30, 29, 'UPUYNSJKPOBX', 'SUAHWKWQJMREBOACFJ', 'Dalia', 'Páez', 'Prado', 8560329006, 27, EMPTY_BLOB(), TO_DATE('1971-03-01', 'YYYY-MM-DD'), 2, 3);

INSERT INTO VETERINARIA (clvVeterinaria, clvGerente, latitudVet, longitudVet, horarioSemVet, horarioSabVet, domicilioVet) VALUES (1, 1, 19.025304, -97.205798, '09:00-18:00', '09:00-13:00', 'Calzada Reino Unido de Gran Bretaña e Irlanda del Norte 397 166 Vieja Qatar, ZAC 85204-4978');
INSERT INTO VETERINARIA (clvVeterinaria, clvGerente, latitudVet, longitudVet, horarioSemVet, horarioSabVet, domicilioVet) VALUES (2, 2, 19.855018, -98.755696, '09:00-18:00', '09:00-13:00', 'Calle Valencia 036 Interior 861 San Francisco de la Montaña, MEX 20255-5328');
INSERT INTO VETERINARIA (clvVeterinaria, clvGerente, latitudVet, longitudVet, horarioSemVet, horarioSabVet, domicilioVet) VALUES (3, 3, 19.933361, -97.229865, '09:00-18:00', '09:00-13:00', 'Avenida Mateo 430 Interior 587 San Karina los bajos, BC 98770-8221');

INSERT INTO VENDEDOR (clvVendedor, horaEntradaVen, horaSalidaVen, numOrdenesMinVen, gerenciaVendedor, puedePasearVen) VALUES (1, TO_DATE('2023-05-17', 'YYYY-MM-DD'), TO_DATE('2023-04-06', 'YYYY-MM-DD'), '3', 'GR_1', 0);
INSERT INTO VENDEDOR (clvVendedor, horaEntradaVen, horaSalidaVen, numOrdenesMinVen, gerenciaVendedor, puedePasearVen) VALUES (2, TO_DATE('2024-09-22', 'YYYY-MM-DD'), TO_DATE('2024-10-17', 'YYYY-MM-DD'), '5', 'GR_2', 1);
INSERT INTO VENDEDOR (clvVendedor, horaEntradaVen, horaSalidaVen, numOrdenesMinVen, gerenciaVendedor, puedePasearVen) VALUES (3, TO_DATE('2023-08-13', 'YYYY-MM-DD'), TO_DATE('2024-02-25', 'YYYY-MM-DD'), '4', 'GR_3', 0);
INSERT INTO VENDEDOR (clvVendedor, horaEntradaVen, horaSalidaVen, numOrdenesMinVen, gerenciaVendedor, puedePasearVen) VALUES (4, TO_DATE('2024-04-29', 'YYYY-MM-DD'), TO_DATE('2022-12-27', 'YYYY-MM-DD'), '1', 'GR_4', 0);
INSERT INTO VENDEDOR (clvVendedor, horaEntradaVen, horaSalidaVen, numOrdenesMinVen, gerenciaVendedor, puedePasearVen) VALUES (5, TO_DATE('2022-10-15', 'YYYY-MM-DD'), TO_DATE('2021-02-24', 'YYYY-MM-DD'), '6', 'GR_5', 1);

INSERT INTO ORDEN_COMPRA (clvOrdenCompra, clvVendedorCompra, clvClienteCompra, fechaOrdenCompra, importeServiciosOrdenCompra, importeTotalOrdenCompra) VALUES (1, 5, 8, TO_DATE('2024-08-02', 'YYYY-MM-DD'), 133.56, 451.28);
INSERT INTO ORDEN_COMPRA (clvOrdenCompra, clvVendedorCompra, clvClienteCompra, fechaOrdenCompra, importeServiciosOrdenCompra, importeTotalOrdenCompra) VALUES (2, 5, 12, TO_DATE('2022-12-18', 'YYYY-MM-DD'), 234.48, 775.78);
INSERT INTO ORDEN_COMPRA (clvOrdenCompra, clvVendedorCompra, clvClienteCompra, fechaOrdenCompra, importeServiciosOrdenCompra, importeTotalOrdenCompra) VALUES (3, 5, 18, TO_DATE('2020-11-06', 'YYYY-MM-DD'), 100.52, 843.29);
INSERT INTO ORDEN_COMPRA (clvOrdenCompra, clvVendedorCompra, clvClienteCompra, fechaOrdenCompra, importeServiciosOrdenCompra, importeTotalOrdenCompra) VALUES (4, 5, 1, TO_DATE('2021-10-27', 'YYYY-MM-DD'), 264.64, 914.57);
INSERT INTO ORDEN_COMPRA (clvOrdenCompra, clvVendedorCompra, clvClienteCompra, fechaOrdenCompra, importeServiciosOrdenCompra, importeTotalOrdenCompra) VALUES (5, 4, 14, TO_DATE('2021-01-26', 'YYYY-MM-DD'), 138.19, 754.24);
INSERT INTO ORDEN_COMPRA (clvOrdenCompra, clvVendedorCompra, clvClienteCompra, fechaOrdenCompra, importeServiciosOrdenCompra, importeTotalOrdenCompra) VALUES (6, 5, 11, TO_DATE('2021-02-17', 'YYYY-MM-DD'), 198.66, 660.33);
INSERT INTO ORDEN_COMPRA (clvOrdenCompra, clvVendedorCompra, clvClienteCompra, fechaOrdenCompra, importeServiciosOrdenCompra, importeTotalOrdenCompra) VALUES (7, 1, 9, TO_DATE('2023-01-07', 'YYYY-MM-DD'), 207.47, 707.61);
INSERT INTO ORDEN_COMPRA (clvOrdenCompra, clvVendedorCompra, clvClienteCompra, fechaOrdenCompra, importeServiciosOrdenCompra, importeTotalOrdenCompra) VALUES (8, 5, 14, TO_DATE('2021-10-20', 'YYYY-MM-DD'), 250.12, 862.59);
INSERT INTO ORDEN_COMPRA (clvOrdenCompra, clvVendedorCompra, clvClienteCompra, fechaOrdenCompra, importeServiciosOrdenCompra, importeTotalOrdenCompra) VALUES (9, 3, 3, TO_DATE('2023-02-28', 'YYYY-MM-DD'), 213.55, 644.67);
INSERT INTO ORDEN_COMPRA (clvOrdenCompra, clvVendedorCompra, clvClienteCompra, fechaOrdenCompra, importeServiciosOrdenCompra, importeTotalOrdenCompra) VALUES (10, 1, 1, TO_DATE('2022-08-30', 'YYYY-MM-DD'), 220.92, 407.66);

INSERT INTO ORDEN_PRODUCTO (clvOrdenProducto, clvOrdenCompra, SKU, cantidadOrdenProductos) VALUES (1, 1, 'SKU018', 1.26);
INSERT INTO ORDEN_PRODUCTO (clvOrdenProducto, clvOrdenCompra, SKU, cantidadOrdenProductos) VALUES (2, 10, 'SKU005', 4.44);
INSERT INTO ORDEN_PRODUCTO (clvOrdenProducto, clvOrdenCompra, SKU, cantidadOrdenProductos) VALUES (3, 5, 'SKU006', 3.97);
INSERT INTO ORDEN_PRODUCTO (clvOrdenProducto, clvOrdenCompra, SKU, cantidadOrdenProductos) VALUES (4, 7, 'SKU017', 1.61);
INSERT INTO ORDEN_PRODUCTO (clvOrdenProducto, clvOrdenCompra, SKU, cantidadOrdenProductos) VALUES (5, 2, 'SKU007', 3.3);
INSERT INTO ORDEN_PRODUCTO (clvOrdenProducto, clvOrdenCompra, SKU, cantidadOrdenProductos) VALUES (6, 2, 'SKU008', 1.81);
INSERT INTO ORDEN_PRODUCTO (clvOrdenProducto, clvOrdenCompra, SKU, cantidadOrdenProductos) VALUES (7, 1, 'SKU012', 2.21);
INSERT INTO ORDEN_PRODUCTO (clvOrdenProducto, clvOrdenCompra, SKU, cantidadOrdenProductos) VALUES (8, 6, 'SKU016', 4.85);
INSERT INTO ORDEN_PRODUCTO (clvOrdenProducto, clvOrdenCompra, SKU, cantidadOrdenProductos) VALUES (9, 5, 'SKU018', 3.35);
INSERT INTO ORDEN_PRODUCTO (clvOrdenProducto, clvOrdenCompra, SKU, cantidadOrdenProductos) VALUES (10, 9, 'SKU011', 2.94);
INSERT INTO ORDEN_PRODUCTO (clvOrdenProducto, clvOrdenCompra, SKU, cantidadOrdenProductos) VALUES (11, 2, 'SKU019', 3.75);
INSERT INTO ORDEN_PRODUCTO (clvOrdenProducto, clvOrdenCompra, SKU, cantidadOrdenProductos) VALUES (12, 3, 'SKU004', 3.75);
INSERT INTO ORDEN_PRODUCTO (clvOrdenProducto, clvOrdenCompra, SKU, cantidadOrdenProductos) VALUES (13, 7, 'SKU012', 4.23);
INSERT INTO ORDEN_PRODUCTO (clvOrdenProducto, clvOrdenCompra, SKU, cantidadOrdenProductos) VALUES (14, 3, 'SKU017', 4.19);

INSERT INTO CURSO (clvCurso, codigoInternoCurso, UUID, nombreCurso, descripcionCurso) VALUES (1, 1001, 'b32be00d-cde6-472b-a4db-16dda0ac6a66', 'Curso 1', 'Curso especializado 1');
INSERT INTO CURSO (clvCurso, codigoInternoCurso, UUID, nombreCurso, descripcionCurso) VALUES (2, 1002, 'ac32e9b1-9aed-4189-a4fb-a2c9fd0c75e4', 'Curso 2', 'Curso especializado 2');
INSERT INTO CURSO (clvCurso, codigoInternoCurso, UUID, nombreCurso, descripcionCurso) VALUES (3, 1003, 'b4f84515-8c9c-4546-bdd1-af59817b8dfb', 'Curso 3', 'Curso especializado 3');
INSERT INTO CURSO (clvCurso, codigoInternoCurso, UUID, nombreCurso, descripcionCurso) VALUES (4, 1004, '478d458e-e696-48d0-8a00-5993feddc661', 'Curso 4', 'Curso especializado 4');
INSERT INTO CURSO (clvCurso, codigoInternoCurso, UUID, nombreCurso, descripcionCurso) VALUES (5, 1005, '429b0fbf-e650-48ad-9fb5-f78a9a210160', 'Curso 5', 'Curso especializado 5');
INSERT INTO CURSO (clvCurso, codigoInternoCurso, UUID, nombreCurso, descripcionCurso) VALUES (6, 1006, 'c3c3c94e-f7fc-4c80-bc3f-59b9d4fe46f5', 'Curso 6', 'Curso especializado 6');
INSERT INTO CURSO (clvCurso, codigoInternoCurso, UUID, nombreCurso, descripcionCurso) VALUES (7, 1007, '5e671ba5-8f6f-4f04-9574-c5618b57a4e8', 'Curso 7', 'Curso especializado 7');
INSERT INTO CURSO (clvCurso, codigoInternoCurso, UUID, nombreCurso, descripcionCurso) VALUES (8, 1008, '2e8294cb-bb49-4848-bb13-c8dd52f8cb61', 'Curso 8', 'Curso especializado 8');
INSERT INTO CURSO (clvCurso, codigoInternoCurso, UUID, nombreCurso, descripcionCurso) VALUES (9, 1009, 'e25ebb1f-37b3-4971-852d-03b4d6fa8889', 'Curso 9', 'Curso especializado 9');
INSERT INTO CURSO (clvCurso, codigoInternoCurso, UUID, nombreCurso, descripcionCurso) VALUES (10, 1010, '916e484c-c7e4-4fc3-a956-2b4bd8646b8a', 'Curso 10', 'Curso especializado 10');

INSERT INTO ESTILISTA (clvEstilista, reseniaHabilidadesEst) VALUES (1, 'Voluptas illo accusamus consectetur.');
INSERT INTO ESTILISTA (clvEstilista, reseniaHabilidadesEst) VALUES (2, 'Illo earum rerum.');
INSERT INTO ESTILISTA (clvEstilista, reseniaHabilidadesEst) VALUES (3, 'Facere adipisci harum explicabo quae dolores.');
INSERT INTO ESTILISTA (clvEstilista, reseniaHabilidadesEst) VALUES (4, 'Maiores ut velit ut nisi consequuntur.');
INSERT INTO ESTILISTA (clvEstilista, reseniaHabilidadesEst) VALUES (5, 'Consectetur dicta culpa corporis.');
INSERT INTO ESTILISTA (clvEstilista, reseniaHabilidadesEst) VALUES (6, 'Consectetur tenetur molestiae illum impedit.');
INSERT INTO ESTILISTA (clvEstilista, reseniaHabilidadesEst) VALUES (7, 'Minima reprehenderit dolor.');
INSERT INTO ESTILISTA (clvEstilista, reseniaHabilidadesEst) VALUES (8, 'Labore illum sint error voluptatibus asperiores.');
INSERT INTO ESTILISTA (clvEstilista, reseniaHabilidadesEst) VALUES (9, 'Sed nemo animi nihil delectus eaque.');
INSERT INTO ESTILISTA (clvEstilista, reseniaHabilidadesEst) VALUES (10, 'Rem molestias fugit assumenda.');

INSERT INTO INSCRIPCION_CURSO (clvInscripcionCurso, clvCurso, clvEstilista) VALUES (1, 5, 2);
INSERT INTO INSCRIPCION_CURSO (clvInscripcionCurso, clvCurso, clvEstilista) VALUES (2, 2, 10);
INSERT INTO INSCRIPCION_CURSO (clvInscripcionCurso, clvCurso, clvEstilista) VALUES (3, 1, 8);
INSERT INTO INSCRIPCION_CURSO (clvInscripcionCurso, clvCurso, clvEstilista) VALUES (4, 9, 5);
INSERT INTO INSCRIPCION_CURSO (clvInscripcionCurso, clvCurso, clvEstilista) VALUES (5, 4, 2);
INSERT INTO INSCRIPCION_CURSO (clvInscripcionCurso, clvCurso, clvEstilista) VALUES (6, 5, 5);
INSERT INTO INSCRIPCION_CURSO (clvInscripcionCurso, clvCurso, clvEstilista) VALUES (7, 10, 6);
INSERT INTO INSCRIPCION_CURSO (clvInscripcionCurso, clvCurso, clvEstilista) VALUES (8, 7, 6);
INSERT INTO INSCRIPCION_CURSO (clvInscripcionCurso, clvCurso, clvEstilista) VALUES (9, 5, 2);
INSERT INTO INSCRIPCION_CURSO (clvInscripcionCurso, clvCurso, clvEstilista) VALUES (10, 1, 2);

INSERT INTO CERTIFICADO (clvCursoAprobado, clvInscripcionCurso, nombreCertificado, certificadoPrueba, fechaAprobadoCertificado) VALUES (1, 1, 'Cert_1', 'APROBADO', TO_DATE('2020-12-19', 'YYYY-MM-DD'));
INSERT INTO CERTIFICADO (clvCursoAprobado, clvInscripcionCurso, nombreCertificado, certificadoPrueba, fechaAprobadoCertificado) VALUES (2, 2, 'Cert_2', 'APROBADO', TO_DATE('2023-03-10', 'YYYY-MM-DD'));
INSERT INTO CERTIFICADO (clvCursoAprobado, clvInscripcionCurso, nombreCertificado, certificadoPrueba, fechaAprobadoCertificado) VALUES (3, 3, 'Cert_3', 'APROBADO', TO_DATE('2022-08-17', 'YYYY-MM-DD'));
INSERT INTO CERTIFICADO (clvCursoAprobado, clvInscripcionCurso, nombreCertificado, certificadoPrueba, fechaAprobadoCertificado) VALUES (4, 4, 'Cert_4', 'APROBADO', TO_DATE('2024-01-01', 'YYYY-MM-DD'));
INSERT INTO CERTIFICADO (clvCursoAprobado, clvInscripcionCurso, nombreCertificado, certificadoPrueba, fechaAprobadoCertificado) VALUES (5, 5, 'Cert_5', 'APROBADO', TO_DATE('2021-08-20', 'YYYY-MM-DD'));
INSERT INTO CERTIFICADO (clvCursoAprobado, clvInscripcionCurso, nombreCertificado, certificadoPrueba, fechaAprobadoCertificado) VALUES (6, 6, 'Cert_6', 'APROBADO', TO_DATE('2024-02-05', 'YYYY-MM-DD'));
INSERT INTO CERTIFICADO (clvCursoAprobado, clvInscripcionCurso, nombreCertificado, certificadoPrueba, fechaAprobadoCertificado) VALUES (7, 7, 'Cert_7', 'APROBADO', TO_DATE('2024-03-20', 'YYYY-MM-DD'));
INSERT INTO CERTIFICADO (clvCursoAprobado, clvInscripcionCurso, nombreCertificado, certificadoPrueba, fechaAprobadoCertificado) VALUES (8, 8, 'Cert_8', 'APROBADO', TO_DATE('2023-08-18', 'YYYY-MM-DD'));
INSERT INTO CERTIFICADO (clvCursoAprobado, clvInscripcionCurso, nombreCertificado, certificadoPrueba, fechaAprobadoCertificado) VALUES (9, 9, 'Cert_9', 'APROBADO', TO_DATE('2023-03-14', 'YYYY-MM-DD'));
INSERT INTO CERTIFICADO (clvCursoAprobado, clvInscripcionCurso, nombreCertificado, certificadoPrueba, fechaAprobadoCertificado) VALUES (10, 10, 'Cert_10', 'APROBADO', TO_DATE('2022-08-23', 'YYYY-MM-DD'));

INSERT INTO DIAGNOSTICO (clvDiagnostico, nombreDiagnostico, nivelGravedadDiagnostico, descripcionDiagnostico) VALUES (1, 'Diag_1', 5, 'Descripción del diagnóstico 1');
INSERT INTO DIAGNOSTICO (clvDiagnostico, nombreDiagnostico, nivelGravedadDiagnostico, descripcionDiagnostico) VALUES (2, 'Diag_2', 1, 'Descripción del diagnóstico 2');
INSERT INTO DIAGNOSTICO (clvDiagnostico, nombreDiagnostico, nivelGravedadDiagnostico, descripcionDiagnostico) VALUES (3, 'Diag_3', 4, 'Descripción del diagnóstico 3');
INSERT INTO DIAGNOSTICO (clvDiagnostico, nombreDiagnostico, nivelGravedadDiagnostico, descripcionDiagnostico) VALUES (4, 'Diag_4', 4, 'Descripción del diagnóstico 4');
INSERT INTO DIAGNOSTICO (clvDiagnostico, nombreDiagnostico, nivelGravedadDiagnostico, descripcionDiagnostico) VALUES (5, 'Diag_5', 1, 'Descripción del diagnóstico 5');
INSERT INTO DIAGNOSTICO (clvDiagnostico, nombreDiagnostico, nivelGravedadDiagnostico, descripcionDiagnostico) VALUES (6, 'Diag_6', 4, 'Descripción del diagnóstico 6');
INSERT INTO DIAGNOSTICO (clvDiagnostico, nombreDiagnostico, nivelGravedadDiagnostico, descripcionDiagnostico) VALUES (7, 'Diag_7', 3, 'Descripción del diagnóstico 7');
INSERT INTO DIAGNOSTICO (clvDiagnostico, nombreDiagnostico, nivelGravedadDiagnostico, descripcionDiagnostico) VALUES (8, 'Diag_8', 3, 'Descripción del diagnóstico 8');
INSERT INTO DIAGNOSTICO (clvDiagnostico, nombreDiagnostico, nivelGravedadDiagnostico, descripcionDiagnostico) VALUES (9, 'Diag_9', 5, 'Descripción del diagnóstico 9');
INSERT INTO DIAGNOSTICO (clvDiagnostico, nombreDiagnostico, nivelGravedadDiagnostico, descripcionDiagnostico) VALUES (10, 'Diag_10', 2, 'Descripción del diagnóstico 10');

INSERT INTO VETERINARIO (clvVeterinario, cedulaProfesionalVet, universidadVet, fechaTitulacionVet) VALUES (1, 'CEDULA0001', 'Reynoso, Madera y Quiroz', TO_DATE('2010-08-10', 'YYYY-MM-DD'));
INSERT INTO VETERINARIO (clvVeterinario, cedulaProfesionalVet, universidadVet, fechaTitulacionVet) VALUES (2, 'CEDULA0002', 'de la O, Muro y Soto', TO_DATE('2012-09-14', 'YYYY-MM-DD'));
INSERT INTO VETERINARIO (clvVeterinario, cedulaProfesionalVet, universidadVet, fechaTitulacionVet) VALUES (3, 'CEDULA0003', 'Velázquez y Carreón S.A.', TO_DATE('2011-07-31', 'YYYY-MM-DD'));
INSERT INTO VETERINARIO (clvVeterinario, cedulaProfesionalVet, universidadVet, fechaTitulacionVet) VALUES (4, 'CEDULA0004', 'Olmos-Lara', TO_DATE('2000-01-24', 'YYYY-MM-DD'));
INSERT INTO VETERINARIO (clvVeterinario, cedulaProfesionalVet, universidadVet, fechaTitulacionVet) VALUES (5, 'CEDULA0005', 'Munguía-Colunga', TO_DATE('2000-04-13', 'YYYY-MM-DD'));
INSERT INTO VETERINARIO (clvVeterinario, cedulaProfesionalVet, universidadVet, fechaTitulacionVet) VALUES (6, 'CEDULA0006', 'Casillas S.A.', TO_DATE('2005-07-11', 'YYYY-MM-DD'));
INSERT INTO VETERINARIO (clvVeterinario, cedulaProfesionalVet, universidadVet, fechaTitulacionVet) VALUES (7, 'CEDULA0007', 'Despacho Arredondo, Maestas y ', TO_DATE('2007-01-24', 'YYYY-MM-DD'));
INSERT INTO VETERINARIO (clvVeterinario, cedulaProfesionalVet, universidadVet, fechaTitulacionVet) VALUES (8, 'CEDULA0008', 'Salgado, Quiñones y Juárez', TO_DATE('2004-10-08', 'YYYY-MM-DD'));
INSERT INTO VETERINARIO (clvVeterinario, cedulaProfesionalVet, universidadVet, fechaTitulacionVet) VALUES (9, 'CEDULA0009', 'Medrano-Rascón S.A. de C.V.', TO_DATE('2009-06-11', 'YYYY-MM-DD'));
INSERT INTO VETERINARIO (clvVeterinario, cedulaProfesionalVet, universidadVet, fechaTitulacionVet) VALUES (10, 'CEDULA010', 'Santana, Navarro y Solís', TO_DATE('2002-09-13', 'YYYY-MM-DD'));

INSERT INTO CONSULTA_MEDICA (clvConsultaMedica, clvVeterinario, clvDiagnostico, descripcionEstadoConsulta, costoConsulta, fechaConsulta, clvMascota) VALUES (1, 1, 6, 'Finalizado', 191.92, TO_DATE('2020-02-01', 'YYYY-MM-DD'), 16);
INSERT INTO CONSULTA_MEDICA (clvConsultaMedica, clvVeterinario, clvDiagnostico, descripcionEstadoConsulta, costoConsulta, fechaConsulta, clvMascota) VALUES (2, 7, 9, 'Finalizado', 467.67, TO_DATE('2021-09-27', 'YYYY-MM-DD'), 13);
INSERT INTO CONSULTA_MEDICA (clvConsultaMedica, clvVeterinario, clvDiagnostico, descripcionEstadoConsulta, costoConsulta, fechaConsulta, clvMascota) VALUES (3, 5, 5, 'En progreso', 430.59, TO_DATE('2020-04-20', 'YYYY-MM-DD'), 12);
INSERT INTO CONSULTA_MEDICA (clvConsultaMedica, clvVeterinario, clvDiagnostico, descripcionEstadoConsulta, costoConsulta, fechaConsulta, clvMascota) VALUES (4, 2, 1, 'En progreso', 297.38, TO_DATE('2022-10-22', 'YYYY-MM-DD'), 11);
INSERT INTO CONSULTA_MEDICA (clvConsultaMedica, clvVeterinario, clvDiagnostico, descripcionEstadoConsulta, costoConsulta, fechaConsulta, clvMascota) VALUES (5, 5, 3, 'Finalizado', 211.37, TO_DATE('2022-02-01', 'YYYY-MM-DD'), 18);
INSERT INTO CONSULTA_MEDICA (clvConsultaMedica, clvVeterinario, clvDiagnostico, descripcionEstadoConsulta, costoConsulta, fechaConsulta, clvMascota) VALUES (6, 4, 7, 'Finalizado', 149.02, TO_DATE('2023-01-25', 'YYYY-MM-DD'), 12);
INSERT INTO CONSULTA_MEDICA (clvConsultaMedica, clvVeterinario, clvDiagnostico, descripcionEstadoConsulta, costoConsulta, fechaConsulta, clvMascota) VALUES (7, 10, 8, 'En progreso', 187.63, TO_DATE('2020-09-06', 'YYYY-MM-DD'), 11);
INSERT INTO CONSULTA_MEDICA (clvConsultaMedica, clvVeterinario, clvDiagnostico, descripcionEstadoConsulta, costoConsulta, fechaConsulta, clvMascota) VALUES (8, 4, 2, 'Cancelado', 121.01, TO_DATE('2023-01-28', 'YYYY-MM-DD'), 18);
INSERT INTO CONSULTA_MEDICA (clvConsultaMedica, clvVeterinario, clvDiagnostico, descripcionEstadoConsulta, costoConsulta, fechaConsulta, clvMascota) VALUES (9, 3, 8, 'Cancelado', 322.97, TO_DATE('2024-07-01', 'YYYY-MM-DD'), 16);
INSERT INTO CONSULTA_MEDICA (clvConsultaMedica, clvVeterinario, clvDiagnostico, descripcionEstadoConsulta, costoConsulta, fechaConsulta, clvMascota) VALUES (10, 7, 7, 'Finalizado', 296.45, TO_DATE('2021-03-10', 'YYYY-MM-DD'), 3);
INSERT INTO CONSULTA_MEDICA (clvConsultaMedica, clvVeterinario, clvDiagnostico, descripcionEstadoConsulta, costoConsulta, fechaConsulta, clvMascota) VALUES (11, 7, 1, 'Cancelado', 287.01, TO_DATE('2024-11-28', 'YYYY-MM-DD'), 13);
INSERT INTO CONSULTA_MEDICA (clvConsultaMedica, clvVeterinario, clvDiagnostico, descripcionEstadoConsulta, costoConsulta, fechaConsulta, clvMascota) VALUES (12, 6, 10, 'En progreso', 315.16, TO_DATE('2023-01-05', 'YYYY-MM-DD'), 16);
INSERT INTO CONSULTA_MEDICA (clvConsultaMedica, clvVeterinario, clvDiagnostico, descripcionEstadoConsulta, costoConsulta, fechaConsulta, clvMascota) VALUES (13, 7, 2, 'Finalizado', 116.4, TO_DATE('2022-09-20', 'YYYY-MM-DD'), 3);
INSERT INTO CONSULTA_MEDICA (clvConsultaMedica, clvVeterinario, clvDiagnostico, descripcionEstadoConsulta, costoConsulta, fechaConsulta, clvMascota) VALUES (14, 1, 9, 'Finalizado', 358.46, TO_DATE('2024-12-07', 'YYYY-MM-DD'), 10);

INSERT INTO SERVICIO_ESTETICA (clvservicioestetica, clvestilista, descripcionservicioest, precioservicioest, fechaservicioest, fotoantesest, fotodespuesest, clvmascota) VALUES (1, 1, 'Baño y corte 1', 237.42, TO_DATE('2023-11-22', 'YYYY-MM-DD'), EMPTY_BLOB(), EMPTY_BLOB(), 17);
INSERT INTO SERVICIO_ESTETICA (clvservicioestetica, clvestilista, descripcionservicioest, precioservicioest, fechaservicioest, fotoantesest, fotodespuesest, clvmascota) VALUES (2, 3, 'Baño y corte 2', 224.92, TO_DATE('2024-03-02', 'YYYY-MM-DD'), EMPTY_BLOB(), EMPTY_BLOB(), 15);
INSERT INTO SERVICIO_ESTETICA (clvservicioestetica, clvestilista, descripcionservicioest, precioservicioest, fechaservicioest, fotoantesest, fotodespuesest, clvmascota) VALUES (3, 9, 'Baño y corte 3', 218.9, TO_DATE('2023-07-21', 'YYYY-MM-DD'), EMPTY_BLOB(), EMPTY_BLOB(), 19);
INSERT INTO SERVICIO_ESTETICA (clvservicioestetica, clvestilista, descripcionservicioest, precioservicioest, fechaservicioest, fotoantesest, fotodespuesest, clvmascota) VALUES (4, 2, 'Baño y corte 4', 334.68, TO_DATE('2023-02-18', 'YYYY-MM-DD'), EMPTY_BLOB(), EMPTY_BLOB(), 4);
INSERT INTO SERVICIO_ESTETICA (clvservicioestetica, clvestilista, descripcionservicioest, precioservicioest, fechaservicioest, fotoantesest, fotodespuesest, clvmascota) VALUES (5, 6, 'Baño y corte 5', 345.23, TO_DATE('2024-10-07', 'YYYY-MM-DD'), EMPTY_BLOB(), EMPTY_BLOB(), 2);
INSERT INTO SERVICIO_ESTETICA (clvservicioestetica, clvestilista, descripcionservicioest, precioservicioest, fechaservicioest, fotoantesest, fotodespuesest, clvmascota) VALUES (6, 7, 'Baño y corte 6', 299.07, TO_DATE('2022-10-20', 'YYYY-MM-DD'), EMPTY_BLOB(), EMPTY_BLOB(), 1);
INSERT INTO SERVICIO_ESTETICA (clvservicioestetica, clvestilista, descripcionservicioest, precioservicioest, fechaservicioest, fotoantesest, fotodespuesest, clvmascota) VALUES (7, 9, 'Baño y corte 7', 200.43, TO_DATE('2021-08-02', 'YYYY-MM-DD'), EMPTY_BLOB(), EMPTY_BLOB(), 11);
INSERT INTO SERVICIO_ESTETICA (clvservicioestetica, clvestilista, descripcionservicioest, precioservicioest, fechaservicioest, fotoantesest, fotodespuesest, clvmascota) VALUES (8, 6, 'Baño y corte 8', 290.3, TO_DATE('2023-01-18', 'YYYY-MM-DD'), EMPTY_BLOB(), EMPTY_BLOB(), 3);
INSERT INTO SERVICIO_ESTETICA (clvservicioestetica, clvestilista, descripcionservicioest, precioservicioest, fechaservicioest, fotoantesest, fotodespuesest, clvmascota) VALUES (9, 6, 'Baño y corte 9', 154.19, TO_DATE('2022-09-04', 'YYYY-MM-DD'), EMPTY_BLOB(), EMPTY_BLOB(), 7);
INSERT INTO SERVICIO_ESTETICA (clvservicioestetica, clvestilista, descripcionservicioest, precioservicioest, fechaservicioest, fotoantesest, fotodespuesest, clvmascota) VALUES (10, 3, 'Baño y corte 10', 350.25, TO_DATE('2024-06-19', 'YYYY-MM-DD'), EMPTY_BLOB(), EMPTY_BLOB(), 14);

INSERT INTO ESTATUS_PROD_INVENTARIO (clvEstatusProdInventario, estatusProdInventario, descripcionProdInventario) VALUES (1, 'Estatus_1', 'Descripción 1');
INSERT INTO ESTATUS_PROD_INVENTARIO (clvEstatusProdInventario, estatusProdInventario, descripcionProdInventario) VALUES (2, 'Estatus_2', 'Descripción 2');
INSERT INTO ESTATUS_PROD_INVENTARIO (clvEstatusProdInventario, estatusProdInventario, descripcionProdInventario) VALUES (3, 'Estatus_3', 'Descripción 3');
INSERT INTO ESTATUS_PROD_INVENTARIO (clvEstatusProdInventario, estatusProdInventario, descripcionProdInventario) VALUES (4, 'Estatus_4', 'Descripción 4');
INSERT INTO ESTATUS_PROD_INVENTARIO (clvEstatusProdInventario, estatusProdInventario, descripcionProdInventario) VALUES (5, 'Estatus_5', 'Descripción 5');

INSERT INTO INVENTARIO_VETERINARIA (clvInventarioVet, clvEstatusProdInventario, clvVeterinaria, SKU, fechaInventarioVet) VALUES (1, 3, 3, 'SKU014', TO_DATE('2024-12-02', 'YYYY-MM-DD'));
INSERT INTO INVENTARIO_VETERINARIA (clvInventarioVet, clvEstatusProdInventario, clvVeterinaria, SKU, fechaInventarioVet) VALUES (2, 2, 3, 'SKU002', TO_DATE('2023-07-22', 'YYYY-MM-DD'));
INSERT INTO INVENTARIO_VETERINARIA (clvInventarioVet, clvEstatusProdInventario, clvVeterinaria, SKU, fechaInventarioVet) VALUES (3, 1, 2, 'SKU015', TO_DATE('2023-09-10', 'YYYY-MM-DD'));
INSERT INTO INVENTARIO_VETERINARIA (clvInventarioVet, clvEstatusProdInventario, clvVeterinaria, SKU, fechaInventarioVet) VALUES (4, 5, 1, 'SKU020', TO_DATE('2020-01-30', 'YYYY-MM-DD'));
INSERT INTO INVENTARIO_VETERINARIA (clvInventarioVet, clvEstatusProdInventario, clvVeterinaria, SKU, fechaInventarioVet) VALUES (5, 1, 1, 'SKU012', TO_DATE('2022-11-04', 'YYYY-MM-DD'));
INSERT INTO INVENTARIO_VETERINARIA (clvInventarioVet, clvEstatusProdInventario, clvVeterinaria, SKU, fechaInventarioVet) VALUES (6, 4, 1, 'SKU013', TO_DATE('2020-04-18', 'YYYY-MM-DD'));
INSERT INTO INVENTARIO_VETERINARIA (clvInventarioVet, clvEstatusProdInventario, clvVeterinaria, SKU, fechaInventarioVet) VALUES (7, 4, 3, 'SKU016', TO_DATE('2023-01-26', 'YYYY-MM-DD'));
INSERT INTO INVENTARIO_VETERINARIA (clvInventarioVet, clvEstatusProdInventario, clvVeterinaria, SKU, fechaInventarioVet) VALUES (8, 3, 2, 'SKU004', TO_DATE('2020-07-07', 'YYYY-MM-DD'));
INSERT INTO INVENTARIO_VETERINARIA (clvInventarioVet, clvEstatusProdInventario, clvVeterinaria, SKU, fechaInventarioVet) VALUES (9, 3, 2, 'SKU007', TO_DATE('2021-10-13', 'YYYY-MM-DD'));
INSERT INTO INVENTARIO_VETERINARIA (clvInventarioVet, clvEstatusProdInventario, clvVeterinaria, SKU, fechaInventarioVet) VALUES (10, 1, 1, 'SKU015', TO_DATE('2021-01-25', 'YYYY-MM-DD'));
INSERT INTO INVENTARIO_VETERINARIA (clvInventarioVet, clvEstatusProdInventario, clvVeterinaria, SKU, fechaInventarioVet) VALUES (11, 3, 3, 'SKU011', TO_DATE('2022-08-08', 'YYYY-MM-DD'));
INSERT INTO INVENTARIO_VETERINARIA (clvInventarioVet, clvEstatusProdInventario, clvVeterinaria, SKU, fechaInventarioVet) VALUES (12, 1, 2, 'SKU004', TO_DATE('2023-04-05', 'YYYY-MM-DD'));
INSERT INTO INVENTARIO_VETERINARIA (clvInventarioVet, clvEstatusProdInventario, clvVeterinaria, SKU, fechaInventarioVet) VALUES (13, 1, 2, 'SKU004', TO_DATE('2020-07-31', 'YYYY-MM-DD'));
INSERT INTO INVENTARIO_VETERINARIA (clvInventarioVet, clvEstatusProdInventario, clvVeterinaria, SKU, fechaInventarioVet) VALUES (14, 5, 2, 'SKU008', TO_DATE('2024-05-21', 'YYYY-MM-DD'));
INSERT INTO INVENTARIO_VETERINARIA (clvInventarioVet, clvEstatusProdInventario, clvVeterinaria, SKU, fechaInventarioVet) VALUES (15, 3, 2, 'SKU014', TO_DATE('2022-02-03', 'YYYY-MM-DD'));

INSERT INTO HISTORICO_PRECIO (clvHistoricoPrecio, SKU, fechaInicioHistPrecio, fechaFinalHistPrecio, precioHistPrecio) VALUES (1, 'SKU001', TO_DATE('2023-12-09', 'YYYY-MM-DD'), TO_DATE('2024-10-30', 'YYYY-MM-DD'), 212.56);
INSERT INTO HISTORICO_PRECIO (clvHistoricoPrecio, SKU, fechaInicioHistPrecio, fechaFinalHistPrecio, precioHistPrecio) VALUES (2, 'SKU007', TO_DATE('2023-05-28', 'YYYY-MM-DD'), TO_DATE('2024-02-06', 'YYYY-MM-DD'), 439.85);
INSERT INTO HISTORICO_PRECIO (clvHistoricoPrecio, SKU, fechaInicioHistPrecio, fechaFinalHistPrecio, precioHistPrecio) VALUES (3, 'SKU006', TO_DATE('2023-06-20', 'YYYY-MM-DD'), TO_DATE('2024-04-13', 'YYYY-MM-DD'), 201.59);
INSERT INTO HISTORICO_PRECIO (clvHistoricoPrecio, SKU, fechaInicioHistPrecio, fechaFinalHistPrecio, precioHistPrecio) VALUES (4, 'SKU012', TO_DATE('2022-02-22', 'YYYY-MM-DD'), TO_DATE('2024-05-17', 'YYYY-MM-DD'), 527.99);
INSERT INTO HISTORICO_PRECIO (clvHistoricoPrecio, SKU, fechaInicioHistPrecio, fechaFinalHistPrecio, precioHistPrecio) VALUES (5, 'SKU004', TO_DATE('2023-04-28', 'YYYY-MM-DD'), TO_DATE('2024-11-22', 'YYYY-MM-DD'), 585.24);
INSERT INTO HISTORICO_PRECIO (clvHistoricoPrecio, SKU, fechaInicioHistPrecio, fechaFinalHistPrecio, precioHistPrecio) VALUES (6, 'SKU006', TO_DATE('2022-10-19', 'YYYY-MM-DD'), TO_DATE('2024-01-09', 'YYYY-MM-DD'), 594.03);
INSERT INTO HISTORICO_PRECIO (clvHistoricoPrecio, SKU, fechaInicioHistPrecio, fechaFinalHistPrecio, precioHistPrecio) VALUES (7, 'SKU008', TO_DATE('2023-03-15', 'YYYY-MM-DD'), TO_DATE('2023-08-13', 'YYYY-MM-DD'), 495.6);
INSERT INTO HISTORICO_PRECIO (clvHistoricoPrecio, SKU, fechaInicioHistPrecio, fechaFinalHistPrecio, precioHistPrecio) VALUES (8, 'SKU007', TO_DATE('2022-10-30', 'YYYY-MM-DD'), TO_DATE('2023-09-09', 'YYYY-MM-DD'), 500.07);
INSERT INTO HISTORICO_PRECIO (clvHistoricoPrecio, SKU, fechaInicioHistPrecio, fechaFinalHistPrecio, precioHistPrecio) VALUES (9, 'SKU018', TO_DATE('2022-08-16', 'YYYY-MM-DD'), TO_DATE('2023-04-02', 'YYYY-MM-DD'), 496.27);
INSERT INTO HISTORICO_PRECIO (clvHistoricoPrecio, SKU, fechaInicioHistPrecio, fechaFinalHistPrecio, precioHistPrecio) VALUES (10, 'SKU015', TO_DATE('2022-05-31', 'YYYY-MM-DD'), TO_DATE('2023-03-08', 'YYYY-MM-DD'), 747.52);
INSERT INTO HISTORICO_PRECIO (clvHistoricoPrecio, SKU, fechaInicioHistPrecio, fechaFinalHistPrecio, precioHistPrecio) VALUES (11, 'SKU003', TO_DATE('2023-01-18', 'YYYY-MM-DD'), TO_DATE('2024-08-28', 'YYYY-MM-DD'), 765.44);
INSERT INTO HISTORICO_PRECIO (clvHistoricoPrecio, SKU, fechaInicioHistPrecio, fechaFinalHistPrecio, precioHistPrecio) VALUES (12, 'SKU003', TO_DATE('2022-07-17', 'YYYY-MM-DD'), TO_DATE('2024-04-20', 'YYYY-MM-DD'), 769.0);
INSERT INTO HISTORICO_PRECIO (clvHistoricoPrecio, SKU, fechaInicioHistPrecio, fechaFinalHistPrecio, precioHistPrecio) VALUES (13, 'SKU006', TO_DATE('2022-10-04', 'YYYY-MM-DD'), TO_DATE('2023-10-27', 'YYYY-MM-DD'), 559.18);
INSERT INTO HISTORICO_PRECIO (clvHistoricoPrecio, SKU, fechaInicioHistPrecio, fechaFinalHistPrecio, precioHistPrecio) VALUES (14, 'SKU007', TO_DATE('2022-12-05', 'YYYY-MM-DD'), TO_DATE('2024-06-11', 'YYYY-MM-DD'), 130.38);
INSERT INTO HISTORICO_PRECIO (clvHistoricoPrecio, SKU, fechaInicioHistPrecio, fechaFinalHistPrecio, precioHistPrecio) VALUES (15, 'SKU019', TO_DATE('2022-03-29', 'YYYY-MM-DD'), TO_DATE('2023-03-05', 'YYYY-MM-DD'), 653.58);

INSERT INTO HISTORICO_ESTATUS_PRODUCTOS (clvHistoricoEstatus, clvInventarioVet, clvEstatusProdInventario, fechaCambioHistEstatusProd) VALUES (1, 12, 4, TO_DATE('2023-05-01', 'YYYY-MM-DD'));
INSERT INTO HISTORICO_ESTATUS_PRODUCTOS (clvHistoricoEstatus, clvInventarioVet, clvEstatusProdInventario, fechaCambioHistEstatusProd) VALUES (2, 11, 1, TO_DATE('2020-07-09', 'YYYY-MM-DD'));
INSERT INTO HISTORICO_ESTATUS_PRODUCTOS (clvHistoricoEstatus, clvInventarioVet, clvEstatusProdInventario, fechaCambioHistEstatusProd) VALUES (3, 13, 3, TO_DATE('2024-07-07', 'YYYY-MM-DD'));
INSERT INTO HISTORICO_ESTATUS_PRODUCTOS (clvHistoricoEstatus, clvInventarioVet, clvEstatusProdInventario, fechaCambioHistEstatusProd) VALUES (4, 4, 4, TO_DATE('2020-12-26', 'YYYY-MM-DD'));
INSERT INTO HISTORICO_ESTATUS_PRODUCTOS (clvHistoricoEstatus, clvInventarioVet, clvEstatusProdInventario, fechaCambioHistEstatusProd) VALUES (5, 2, 1, TO_DATE('2022-11-22', 'YYYY-MM-DD'));
INSERT INTO HISTORICO_ESTATUS_PRODUCTOS (clvHistoricoEstatus, clvInventarioVet, clvEstatusProdInventario, fechaCambioHistEstatusProd) VALUES (6, 5, 2, TO_DATE('2020-10-13', 'YYYY-MM-DD'));
INSERT INTO HISTORICO_ESTATUS_PRODUCTOS (clvHistoricoEstatus, clvInventarioVet, clvEstatusProdInventario, fechaCambioHistEstatusProd) VALUES (7, 8, 2, TO_DATE('2021-04-10', 'YYYY-MM-DD'));
INSERT INTO HISTORICO_ESTATUS_PRODUCTOS (clvHistoricoEstatus, clvInventarioVet, clvEstatusProdInventario, fechaCambioHistEstatusProd) VALUES (8, 14, 2, TO_DATE('2021-04-01', 'YYYY-MM-DD'));
INSERT INTO HISTORICO_ESTATUS_PRODUCTOS (clvHistoricoEstatus, clvInventarioVet, clvEstatusProdInventario, fechaCambioHistEstatusProd) VALUES (9, 1, 3, TO_DATE('2021-11-14', 'YYYY-MM-DD'));
INSERT INTO HISTORICO_ESTATUS_PRODUCTOS (clvHistoricoEstatus, clvInventarioVet, clvEstatusProdInventario, fechaCambioHistEstatusProd) VALUES (10, 5, 3, TO_DATE('2022-10-12', 'YYYY-MM-DD'));
INSERT INTO HISTORICO_ESTATUS_PRODUCTOS (clvHistoricoEstatus, clvInventarioVet, clvEstatusProdInventario, fechaCambioHistEstatusProd) VALUES (11, 12, 3, TO_DATE('2023-10-21', 'YYYY-MM-DD'));
INSERT INTO HISTORICO_ESTATUS_PRODUCTOS (clvHistoricoEstatus, clvInventarioVet, clvEstatusProdInventario, fechaCambioHistEstatusProd) VALUES (12, 14, 2, TO_DATE('2020-12-27', 'YYYY-MM-DD'));
INSERT INTO HISTORICO_ESTATUS_PRODUCTOS (clvHistoricoEstatus, clvInventarioVet, clvEstatusProdInventario, fechaCambioHistEstatusProd) VALUES (13, 2, 3, TO_DATE('2024-08-11', 'YYYY-MM-DD'));
INSERT INTO HISTORICO_ESTATUS_PRODUCTOS (clvHistoricoEstatus, clvInventarioVet, clvEstatusProdInventario, fechaCambioHistEstatusProd) VALUES (14, 9, 5, TO_DATE('2024-09-06', 'YYYY-MM-DD'));
INSERT INTO HISTORICO_ESTATUS_PRODUCTOS (clvHistoricoEstatus, clvInventarioVet, clvEstatusProdInventario, fechaCambioHistEstatusProd) VALUES (15, 7, 3, TO_DATE('2020-02-01', 'YYYY-MM-DD'));

INSERT INTO PASEO (clvPaseo, clvVendedor, inicioPaseo, finPaseo, fechaPaseo) VALUES (1, 1, TO_DATE('2022-10-23', 'YYYY-MM-DD'), TO_DATE('2024-09-01', 'YYYY-MM-DD'), TO_DATE('2024-08-03', 'YYYY-MM-DD'));
INSERT INTO PASEO (clvPaseo, clvVendedor, inicioPaseo, finPaseo, fechaPaseo) VALUES (2, 5, TO_DATE('2023-04-23', 'YYYY-MM-DD'), TO_DATE('2022-05-19', 'YYYY-MM-DD'), TO_DATE('2023-08-12', 'YYYY-MM-DD'));
INSERT INTO PASEO (clvPaseo, clvVendedor, inicioPaseo, finPaseo, fechaPaseo) VALUES (3, 4, TO_DATE('2021-07-10', 'YYYY-MM-DD'), TO_DATE('2020-12-04', 'YYYY-MM-DD'), TO_DATE('2023-12-14', 'YYYY-MM-DD'));
INSERT INTO PASEO (clvPaseo, clvVendedor, inicioPaseo, finPaseo, fechaPaseo) VALUES (4, 2, TO_DATE('2020-01-20', 'YYYY-MM-DD'), TO_DATE('2021-07-18', 'YYYY-MM-DD'), TO_DATE('2023-10-29', 'YYYY-MM-DD'));
INSERT INTO PASEO (clvPaseo, clvVendedor, inicioPaseo, finPaseo, fechaPaseo) VALUES (5, 4, TO_DATE('2023-03-17', 'YYYY-MM-DD'), TO_DATE('2021-01-09', 'YYYY-MM-DD'), TO_DATE('2020-08-13', 'YYYY-MM-DD'));
INSERT INTO PASEO (clvPaseo, clvVendedor, inicioPaseo, finPaseo, fechaPaseo) VALUES (6, 2, TO_DATE('2021-09-04', 'YYYY-MM-DD'), TO_DATE('2023-08-02', 'YYYY-MM-DD'), TO_DATE('2021-05-14', 'YYYY-MM-DD'));
INSERT INTO PASEO (clvPaseo, clvVendedor, inicioPaseo, finPaseo, fechaPaseo) VALUES (7, 2, TO_DATE('2021-10-25', 'YYYY-MM-DD'), TO_DATE('2020-11-28', 'YYYY-MM-DD'), TO_DATE('2023-09-11', 'YYYY-MM-DD'));
INSERT INTO PASEO (clvPaseo, clvVendedor, inicioPaseo, finPaseo, fechaPaseo) VALUES (8, 4, TO_DATE('2023-08-01', 'YYYY-MM-DD'), TO_DATE('2024-08-29', 'YYYY-MM-DD'), TO_DATE('2023-04-25', 'YYYY-MM-DD'));
INSERT INTO PASEO (clvPaseo, clvVendedor, inicioPaseo, finPaseo, fechaPaseo) VALUES (9, 3, TO_DATE('2021-10-13', 'YYYY-MM-DD'), TO_DATE('2022-06-15', 'YYYY-MM-DD'), TO_DATE('2023-06-12', 'YYYY-MM-DD'));
INSERT INTO PASEO (clvPaseo, clvVendedor, inicioPaseo, finPaseo, fechaPaseo) VALUES (10, 2, TO_DATE('2024-12-15', 'YYYY-MM-DD'), TO_DATE('2020-02-23', 'YYYY-MM-DD'), TO_DATE('2020-02-08', 'YYYY-MM-DD'));

INSERT INTO MASCOTA_PASEO (clvMascotaPaseo, clvPaseo, clvMascota) VALUES (1, 3, 16);
INSERT INTO MASCOTA_PASEO (clvMascotaPaseo, clvPaseo, clvMascota) VALUES (2, 1, 1);
INSERT INTO MASCOTA_PASEO (clvMascotaPaseo, clvPaseo, clvMascota) VALUES (3, 2, 7);
INSERT INTO MASCOTA_PASEO (clvMascotaPaseo, clvPaseo, clvMascota) VALUES (4, 1, 19);
INSERT INTO MASCOTA_PASEO (clvMascotaPaseo, clvPaseo, clvMascota) VALUES (5, 1, 3);
INSERT INTO MASCOTA_PASEO (clvMascotaPaseo, clvPaseo, clvMascota) VALUES (6, 10, 6);
INSERT INTO MASCOTA_PASEO (clvMascotaPaseo, clvPaseo, clvMascota) VALUES (7, 3, 12);
INSERT INTO MASCOTA_PASEO (clvMascotaPaseo, clvPaseo, clvMascota) VALUES (8, 5, 6);
INSERT INTO MASCOTA_PASEO (clvMascotaPaseo, clvPaseo, clvMascota) VALUES (9, 1, 8);
INSERT INTO MASCOTA_PASEO (clvMascotaPaseo, clvPaseo, clvMascota) VALUES (10, 6, 4);

INSERT INTO MONITOREO_PASEO (clvMonitoreoPaseo, clvPaseo, latitudMonitoreoPaseo, longitudMonitoreoPaseo, fechaRegistroMonitoreoPaseo) VALUES (1, 4, 19.805702, -98.283933, TO_DATE('2023-07-14', 'YYYY-MM-DD'));
INSERT INTO MONITOREO_PASEO (clvMonitoreoPaseo, clvPaseo, latitudMonitoreoPaseo, longitudMonitoreoPaseo, fechaRegistroMonitoreoPaseo) VALUES (2, 8, 19.693564, -98.332846, TO_DATE('2024-03-07', 'YYYY-MM-DD'));
INSERT INTO MONITOREO_PASEO (clvMonitoreoPaseo, clvPaseo, latitudMonitoreoPaseo, longitudMonitoreoPaseo, fechaRegistroMonitoreoPaseo) VALUES (3, 2, 19.640346, -98.616659, TO_DATE('2024-09-18', 'YYYY-MM-DD'));
INSERT INTO MONITOREO_PASEO (clvMonitoreoPaseo, clvPaseo, latitudMonitoreoPaseo, longitudMonitoreoPaseo, fechaRegistroMonitoreoPaseo) VALUES (4, 1, 19.779811, -98.452908, TO_DATE('2020-10-30', 'YYYY-MM-DD'));
INSERT INTO MONITOREO_PASEO (clvMonitoreoPaseo, clvPaseo, latitudMonitoreoPaseo, longitudMonitoreoPaseo, fechaRegistroMonitoreoPaseo) VALUES (5, 4, 19.848124, -98.359215, TO_DATE('2020-07-10', 'YYYY-MM-DD'));
INSERT INTO MONITOREO_PASEO (clvMonitoreoPaseo, clvPaseo, latitudMonitoreoPaseo, longitudMonitoreoPaseo, fechaRegistroMonitoreoPaseo) VALUES (6, 6, 19.482594, -98.063822, TO_DATE('2022-12-25', 'YYYY-MM-DD'));
INSERT INTO MONITOREO_PASEO (clvMonitoreoPaseo, clvPaseo, latitudMonitoreoPaseo, longitudMonitoreoPaseo, fechaRegistroMonitoreoPaseo) VALUES (7, 9, 19.178453, -98.61391, TO_DATE('2022-11-17', 'YYYY-MM-DD'));
INSERT INTO MONITOREO_PASEO (clvMonitoreoPaseo, clvPaseo, latitudMonitoreoPaseo, longitudMonitoreoPaseo, fechaRegistroMonitoreoPaseo) VALUES (8, 6, 19.72815, -98.456293, TO_DATE('2022-06-15', 'YYYY-MM-DD'));
INSERT INTO MONITOREO_PASEO (clvMonitoreoPaseo, clvPaseo, latitudMonitoreoPaseo, longitudMonitoreoPaseo, fechaRegistroMonitoreoPaseo) VALUES (9, 5, 19.905021, -98.812271, TO_DATE('2024-08-12', 'YYYY-MM-DD'));
INSERT INTO MONITOREO_PASEO (clvMonitoreoPaseo, clvPaseo, latitudMonitoreoPaseo, longitudMonitoreoPaseo, fechaRegistroMonitoreoPaseo) VALUES (10, 8, 19.066954, -98.047875, TO_DATE('2021-01-24', 'YYYY-MM-DD'));

COMMIT;
EXCEPTION
    WHEN OTHERS THEN
        ROLLBACK;
        DBMS_OUTPUT.PUT_LINE('Error: ' || SQLERRM);
        DBMS_OUTPUT.PUT_LINE('En línea: ' || DBMS_UTILITY.FORMAT_ERROR_BACKTRACE);
END;
/